30200188;267-6535
40200005;7X-7699
40200029;7X-7858
40200119;452-6007
40200120;452-6009
40300002;3T-5760
40300041;153-5710
40501501;100-3245
40501509;130-3515
40501526;7N-5876
40501531;9X-3463
40501532;9X-3465
40501533;9X-4492
40504413;6XV1841-2B
40600855;3864
40601122;248-1066
40800295;5P-8334
41000025;125-2811
41000027;131-6645
41000032;146-9038
41000040;177-0581
41000048;240-6848
41000053;2V-7404
41000369;243-4788
41000381;272-0154
41000382;272-0155
41000384;256-7895
41000386;272-0153
41000403;132-7370
41000404;251-2010
41000405;7E-0759
41000430;245-3867
41000431;244-5624
41000432;240-8246
41000434;5P-6442
41000445;246-4771
41000581;262-5565
41000623;4V-1878
41000675;5P-0767
41000868;283-1977
41000947;266-6793
41000973;32099910
41000981;329-9931
41000989;265-5007
41000990;266-7651
41000995;138-3335
41000996;138-3334
41001653;115-6948
41001659;364-0885
41400022;144-0367
41400033;208-7448
41400216;1J-0708
41400217;9X-2040
41400373;2G-8768
41400374;2G-8615
41400375;2G-8626
41400407;4B-4863
41400418;5P-1076
41400420;5V-0354
41400425;6F-0253
41400428;7X-0582
41400430;7X-7729
41400463;9M-6527
41400675;2G-9103
41400749;5V-0353
41400839;9M-3695
41400849;6F-3930
41400932;122-8353
41400941;131-4242
41400943;138-3816
41400957;173-5787
41400978;1M-6119
41400996;238-8292
41401007;3S-8182
41401048;3F-5108
41401062;4E-5985
41401063;4F-4042
41401064;4F-7827
41401066;4J-9208
41401067;4M-6424
41401092;5F-8933
41401093;5J-4773
41401095;5P-2566
41401096;5P-4253
41401097;5P-8823
41401098;5S-7379
41401119;7X-0334
41401122;7X-0374
41401124;7X-2552
41401161;8T-0372
41401166;8T-4136
41401167;8T-4137
41401170;8T-4183
41401172;8T-4185
41401178;8T-5460
41401181;8T-9398
41401182;8T-4180
41401183;8T-8906
41401232;9X-2042
41402008;2G-8633
41402181;1S-1860
41402195;2B-2673
41402196;2J-3506
41402197;2J-3506
41402198;2J-3507
41402240;3K-9770
41402252;4K-0367
41402306;8T-3652
41402307;8T-4133
41402679;3H-5111
41402756;8C-3290
41402757;9R-9702
41402882;6V-3940
41402883;9M-1974
41402884;237-5176
41402916;212-6934
41402925;9R-0158
41402926;6V-3213
41402927;226-4346
41402928;201-1919
41403037;9R-0366
41403038;270-5290
41403040;8T-7930
41403041;6V-7687
41403175;8D-7423
41403176;8D-7425
41403199;2K-0419
41403275;8T-4956
41403302;9X-2065
41403332;109-1145
41403333;1P-4278
41403775;467-0998
41403783;287-7637
41404196;6V-5686
41404304;216-9752
41404305;276-7394
41404307;358-6475
41404308;232-3149
41404321;8T-4172
41404519;9N-0869
41404585;5P-8248
41404925;111-4337
41404926;3B-5319
41404927;9R-0109
41404928;119-4594
41404930;6V-8344
41404931;6V-4364
41404932;9R-1510
41404933;9R-1502
41405038;223-5439
41405112;4E-5985
41405136;280-2747
41405172;165-8996
41405173;164-1178
41405174;167-8251
41405197;4E-3273
41405217;223-4346
41405218;199-0783
41405243;266-4360
41405244;8E-8319
41405323;276-0142
41405324;288-6975
41405325;309-8006
41405326;277-5031
41405327;160-0162
41405328;6I-4374
41405329;113-8129
41405330;610217
41405331;100-4841
41405336;209-9219
41405366;8T-1160
41405495;208-6054
41405496;212-6933
41405543;230-3671
41405548;2G-5667
41405549;2H-3764
41405550;5P-8291
41405551;9D-3523
41405552;2G-5673
41405553;2G-8742
41405554;2H-3740
41405577;8T-4985
41405578;8T-4186
41405579;8T-4121
41405580;5D-1026
41405605;209-7472
41405615;1D-4627
41405616;2J-3505
41405617;1A-1415
41500349;3L-1425
41500411;5P-6724
41500615;6D-3787
41501077;198-7823
41501189;8E-1263
41600122;036-6775
41600145;243-2143
41600147;5M-5965
41600151;319-6293
41600169;4S-8353
41600871;253-4531
41700037;033-6027
41700079;132-1448
41700081;141-1774
41700084;147-5088
41700090;169-1750
41700102;1P-3703
41700103;1P-3705
41700116;225-3285
41700126;246-2896
41700127;246-2899
41700136;277-9940
41700141;2M-4453
41700169;3J-1907
41700170;3J-7354
41700173;3P-1156
41700189;4F-9653
41700190;4J-0522
41700191;4J-0524
41700193;4J-5477
41700195;4J-9224
41700198;4T-5613
41700206;5K-9090
41700219;6J-2797
41700224;6V-5049
41700225;6V-8397
41700240;7S-9930
41700270;8C-9160
41700271;8J-0484
41700275;8L-2786
41700277;8S-7762
41700279;8T-6745
41700281;8T-8394
41700292;9M-2092
41700294;9X-4611
41700414;
41700469;5P-8245
41700470;5P-8248
41700477;7X-0550
41700751;154-8030
41700773;278-0017
41700774;279-9361
41700777;2P-0405
41700816;4J-3815
41700837;7N-0200
41700870;8H-2778
41700871;8N-5928
41700872;8S-1605
41700960;197-9580
41701122;2Y-8739
41701136;6V-9928
41701241;123-4003
41701242;124-0506
41701252;160-0526
41701255;167-2209
41701256;167-2320
41701257;167-2195
41701259;167-2304
41701270;1P-3704
41701271;209-7465
41701284;272-0388
41701287;2D-2443
41701288;2G-8777
41701324;4J-5267
41701325;4L-9564
41701326;4W-3864
41701341;5J-8200
41701343;5K-5288
41701346;5P-8842
41701347;5P-8890
41701380;7K-9205
41701382;7K-9209
41701410;8F-3469
41701807;5J-7013
41701813;8T-0741
41701817;219-8798
41701818;209-7464
41701819;198-7825
41701905;309-6664
41701922;280-1430
41702015;8H-2046
41702017;9H-6454
41702018;200-2258
41702019;5J-2974
41702020;6F-5188
41702057;6G-5539
41702058;2H-9247
41702178;1T-1639
41702186;2H-6338
41702322;8S-0768
41702376;308-1880
41702476;397-5181
41702501;377-9352
41702626;9X-7381
41702722;176-3141
41702723;278-5128
41702724;281-8744
41702726;299-5511
41702727;274-1639
41702730;297-6845
41702871;5P-9806
41702899;6V-8398
41703138;302-6112
41703139;277-3012
41703140;277-3013
41703141;416-7727
41703142;225-8287
41703143;281-7040
41703144;317-3064
41703145;277-0116
41703146;277-2500
41703147;331-4400
41703150;277-0118
41703151;277-2923
41703153;278-5226
41703154;225-7738
41703155;199-9267
41703156;437-4170
41703157;199-9252
41703158;61-4681
41703239;211-6735
41703241;244-4486
41703300;306-2337
41703301;113-1504
41703302;225-8019
41703303;228-7100
41703307;6D-7889
41703425;6Y-8285
41703426;2A-3398
41703476;210-3098
41703477;229-5092
41703568;2K-2939
41703569;439-2697
41703570;204-1370
41703582;472-8026
41703583;5P-8843
41703610;456-1849
41703904;5P-3863
41703910;278-0642
41703913;9X-7743
41704053;456-1848
41704054;456-1850
41704068;61-1497
41704069;492-3310
41704070;277-2538
41704071;220-8678
41705008;275-9884
41705010;5P-9186
41705012;290-5728
41705013;339-3586
41705014;376-9017
41705037;216-4457
41705038;4J-0520
41705173;6J-1972
41705174;6J-5733
41705175;175-7896
41705176;6J-5731
41705177;229-9382
41705184;238-5080
41705185;204-1370
41800020;341-6643
41800075;119-3025
41800076;128-2686
41800083;144-0832
41800085;151-2409
41800091;1G-8878
41800092;1R-0719
41800093;1R-0722
41800094;1R-0750
41800095;1R-0751
41800096;1R-0753
41800097;1R-0762
41800098;1R-0774
41800099;1R-1809
41800100;1R-722
41800104;202-9875
41800113;225-4118
41800114;231-4486
41800115;231-4487
41800116;232-1732
41800120;245-6375
41800121;245-6375
41800122;245-6376
41800127;256-7902
41800128;256-7903
41800138;299-8229
41800142;306-9199
41800146;326-1644
41800147;326-1644
41800161;6I-0274
41800170;7T-7358
41800171;7X-6041
41800195;8N-4901
41800203;9G-5127
41800204;9M-9740
41800205;9T-5916
41800207;9X-2205
41800302;1R-1807
41800303;1R-1808
41800387;7W-2326
41800388;156-1200
41800389;228-9130
41800390;119-4740
41800391;126-1817
41800392;227-7449
41800393;293-4053
41800410;4M-9334
41800411;2S-1286
41800412;8B-5935
41800423;186-6190
41800442;126-1818
41800443;1R-0749
41800561;462-1171
41800698;111-8738
41800699;180-7487
41800757;361-9554
41900142;2G-3221
41900247;8J-1434
41900500;8W-1749
42000015;215-4245
42000035;1U-8846
42000277;1U-9891
55300001;303-9566
55300004;186-6189
55300009;8P-2496
55300011;4T-9311
55300012;110-5065
55300016;1J-9671
55300020;2J-0157
55300021;2S-8439
55300026;7J-9885
55300028;7M-8485
55300029;8H-7521
55300033;9F-4446
55300038;8T-4121
55300040;8T-5439
55300045;162-9612
55300046;293-8835
55300049;4T-3005
55300050;5D-9553
55300051;9J-3658
55300052;1U-0593
55300054;3G-6395
55300056;2T-3360
55300058;146-1842
55300059;146-1843
55300060;2G-8631
55300062;6K-4076
55300065;KB091-2X
55300067;092-2X
55300069;177-1058
55300070;174-7875
55300074;161-9289
55300075;178-1686
55300076;178-1688
55300077;2G-3219
55300078;6G-1914
55300079;6G-1915
55300080;6G-3212
55300083;4T-3043
55300084;4T-3044
55300085;6Y-2805
55300086;8E-5529
55300087;3E-9326
55300091;236-0737
55300092;340-9726
55300095;102-8803
55300097;8T-5400
55300102;6V-3965
55300104;3B-4617
55300106;9G-9287
55300108;287-0524
55300113;125-8810
55300114;5T-1362
55300115;8V-7336
55300116;1W-4407
55300117;106-6591
55300118;106-1430
55300125;192-7810
55300129;177-1052
55300134;102-4139
55300135;234-5106
55300140;9K-9731
55300143;234-4325
55300148;6G-1953
55300154;9U-1591
55300159;170-5181
55300161;387-9427
55300163;227-6744
55300164;3E-8772
55300167;9Y-1979
55300170;192-7799
55300171;141-4847
55300176;9W-0473
55300177;112-8971
55300183;8C-3442
55300187;205-6029
55300191;6V-7419
55300192;109-5008
55300193;130-3595
55300196;300-5440
55300200;8W-5293
55300202;9X-3401
55300203;5P-5067
55300211;115-4237
55300214;9F-5124
55300218;4W-2275
55300229;258-2829
55300230;2W-9162
55300231;145-6929
55300232;9F-1399
55300233;5P-6879
55300235;123-9128
55300237;9F-2167
55300239;175-7162
55300241;109-0267
55300249;3E-5464
55300250;110-6465
55300251;107-4029
55300255;114-5334
55300266;8C-3445
55300267;8C-3447
55300268;8C-3446
55300269;8C-3451
55300270;9K-7951
55300273;178-1685
55300280;9D-9797
55300281;8Y-4807
55300284;208-5235
55300285;6Y-0309
55300289;3E-4057
55300292;8C-3446
55300293;7T-2793
55300298;187-1469
55300300;227-6744
55300318;1Z-0101
55300320;4V-7884
55300323;7K-9644
55300324;8Y-6860
55300332;4J-0520
55300337;4J-6326
55300344;154-5404
55300348;174-4643
55300350;8X-1805
55300352;307-1958
55300355;3E-9317
55300364;110-7887
55300367;4V-8520
55300369;5V-1874
55300371;1GE-3145
55300375;7D-8889
55300381;6D-4246
55300383;8C-3205
55300384;257-3226
55300385;234-5106
55300386;2D-4867
55300387;3B-8491
55300389;267-2809
55300390;4E-3273
55300392;9X-4493
55300393;4V-7081
55300398;275-6706
55300406;209-6181
55300407;209-6855
55300409;237-0944
55300410;278-5454
55300411;237-5330
55300415;9R-8291
55300419;219-6487
55300421;226-6039
55300422;268-8792
55300423;177-1058
55300424;135-1708
55300425;246-1479
55300426;4K-1540
55300427;138-1510
55300428;202-6614
55300430;5L-2952
55300431;245-4659
55300434;5H-4909
55300435;6Y-7953
55300436;261-8553
55300437;6G-5537
55300438;307-1962
55300443;5T-8366
55300448;9J-4164
55300449;10R-7673
55300452;4K-4881
55300469;286-7850
55300472;213-1365
55300473;7X-2049
55300478;277-2925
55300479;9R-3067
55300480;9R-2807
55300481;8T-4815
55300482;209-3363
55300483;134-0453
55300484;216-3358
55300485;206-1687
55300486;263-1493
55300487;20R-3815
55300489;2A-7089
55300494;7D-8983
55300501;259-0577
55300504;ZM-3898
55300525;213-1370
55300526;213-1365
55300529;347-1133
55300536;260-5541
55300539;339-9637
55300540;309-6678
55300543;276-8123
55300547;320-5177
55300549;4F-9652
55300552;287-8291
55300653;9U-7070
55300657;9U-7071
55300666;2G-1388
55300702;8E-5742
55300713;275-0120 H
55300715;4V-8674H
55300722;112-0885
55300727;131-3738
55300750;274-4274
55300752;336-8180
55300757;194-6722
55300758;7D-8984
55300769;241-8368
55300772;192-1563
55300775;262-7043
55300777;262-7044
55300780;61104250
55300781;517-8243
55300783;276-7478
55300790;278-5125
55300791;485-4895
55300792;420-0454
55300793;360-1978
55300795;276-7475
55300796;360-1564
55300797;9R-2700
55300798;292-0886
55300807;195-2187
55300815;209-7460
55300816;6G-1633
55300819;3E-3636
55300833;117-9887
55300836;105-1797
55300841;222-5917
55300842;3S-2093
55300843;253-2673
55300860;5D-1026
55300913;4K-8864
55301037;266-1495
55301041;7G-4822
55301042;9W-9371
55301043;8E-5734
55301045;6Y-1895
55301046;9X-7384
55301048;ZM-3898
55301059;2J-6274
55301060;3D-4245
55301063;4F-7390
55301067;3T-4377
55301068;5J-1086
55301069;5M-6200
55301119;225-0300
55301124;192-7510
55301128;9R-0411
55301129;9R-0431
55301130;9R-0170
55301133;213-6703
55301134;261-6703
55301135;9R-0422
55301136;293-7383
55301138;9R-4494
55301139;238-9546
55301142;154-5279
55301144;277-1975
55301162;259-0129
55301165;6V-8144
55301166;9R-1107
55301167;9R-1104
55301169;209-7456
55301170;154-5280
55301195;121-3307
55301202;370-6545
55301204;161-8573
55301208;349-1063
55301209;143-0539
55301211;71-0023
55301212;278-0205
55301213;235-1790
55301214;100-6668
55301215;367-2480
55301216;353-5194
55301217;168-6514
55301218;459-7290
55301219;
55301220;290-3910
55301222;153-3580
55301223;322-9530
55301224;4E-9324
55301225;166-6761
55301226;152-6144
55301227;271-7167
55301228;7N-0718
55301229;SP-3067
55301230;283-1099
55301231;8E-1909
55301232;171-7091
55301233;159-0927
55301234;171-7095
55301239;1G-3726
55301240;DS36-0071
55301242;032-8047
55301243;118-4019
55301244;277-5065
55301245;331-8053
55301246;277-5064
55301247;155-0576
55301248;8F-7219
55301249;303-2116
55301250;275-9891
55301251;309-0857
55301252;276-5605
55301253;376-4078
55301254;232-7599
55301255;185-0884
55301256;276-5603
55301257;225-8858
55301258;232-7596
55301260;199-9751
55301261;346-4709
55301262;234-3063
55301263;351-4685
55301264;232-1115
55301265;324-3722
55301266;170-1821
55301267;504380075
55301268;OA-2926
55301269;331-3257
55301270;124-2111
55301271;386-6202
55301272;386-6203
55301273;320-1775
55301274;141-6518
55301275;7W-7381
55301276;7X-5331
55301277;319-2140
55301278;6V-8627
55301279;377-9582
55301280;4D-9517
55301281;3X-0492
55301283;215-2023
55301284;230-4013
55301285;9X-3402
55301287;256-5308
55301288;65-6251
55301290;314-2405
55301291;155-8999
55301292;271-8517
55301293;241-6347
55301294;131-4428
55301295;8X-2161
55301297;9M-5590
55301298;005-8639
55301299;2G-8741
55301300;307-9921
55301301;135-9292
55301302;114-0359
55301303;135-8246
55301304;363-8627
55301305;363-6840
55301306;344-5486
55301307;212-3657
55301309;154-6626
55301310;336-8614
55301312;213-6687
55301315;233-2628
55301316;234-2593
55301317;295-9891
55301318;9R-0321
55301319;8T-4773
55301320;8C-4987
55301321;9R-0413
55301322;9R-0162
55301323;9R-3092
55301324;9R-0162
55301325;168-0480
55301326;201-1235
55301327;168-0443
55301328;9R-0162
55301329;216-4464
55301330;261-5519
55301331;259-0128
55301332;9R-0320
55301333;9T-0766
55301334;9R-0321
55301335;9R-0162
55301336;9R-0139
55301337;168-0444
55301338;365-1283
55301339;179-8235
55301340;335-6123
55301341;6G-1908
55301342;6G-5534
55301343;1B-4038
55301344;6G-5548
55301345;8T-0336
55301346;338-7038
55301347;380-9470
55301348;192-7506
55301349;192-7511
55301350;192-7508
55301351;192-7509
55301359;87312626
55301360;87318986
55301361;8X-4448
55301362;5P-5768
55301363;GA-122
55301375;164-1240
55301376;111-5042
55301377;DS725009
55301378;284-9039
55301384;350-0666
58100046;1190329876
80000020;118-8275
80000022;5P-1296
80000023;6W-7492
80000039;149-2907
80000049;7K-9515
80000120;114-4090
80000153;187-4028
