40500289;
40504029;ATP834
40504520;43256
40600129;
40601132;4522
41000094;6935019282
41000096;6965007475
41000199;132
41000379;A9405280709
41000527;0020946382
41000544;A9405011282
41000570;9585013282
41000576;3865018982
41000991;A9439970052
41000992;A9405063035
41000997;3845011282
41000998;3845011284
41400001;0000900142
41400396;3853310052
41400590;
41400802;3863517325
41400805;3213510725
41400810;3863517325
41400857;000000001154
41400858;000912008203
41400864;000960016036
41400869;000961014103
41400876;0029908301
41400906;00960016120
41401013;3174010571
41401018;3274020471
41401023;3453257075
41401029;3529904701
41401046;3873320271
41401186;910105014019
41401187;910105016005
41401188;910105018022
41401194;914112014309
41401199;915036012150
41401916;GB21283
41401995;004626012145
41402011;3453227030
41402020;3763220030
41402094;000934010004
41402098;000934018002
41402099;000934024000
41402139;070852075000
41402218;3449900651
41402219;3449900751
41402222;3521550272
41402228;3553530325
41402236;3853510172
41402314;913023014003
41402315;913023016001
41402624;3442930129
41402661;007338008212
41402716;070952075103
41402724;3029940209
41402734;6739880178
41402778;913023008003
41402809;A3854000124
41402921;3523250530
41402947;N0073380082120010
41403032;A3273530172
41403210;3849977490
41403231;2RR599219
41403232;2RR599213
41403354;N007603022100
41403496;N000000000678
41403507;3849977590
41403743;300870
41403745;6114
41403747;022059
41403989;3649947009
41404001;N070952085101
41404203;3523230376
41404831;0022059
41405043;5419900301
41405059;0269976648
41405115;
41405116;TM2042
41405117;6000302
41405139;GB21009
41405140;1315304048
41405141;2RH129723B
41405142;851817004F
41405171;3273560052
41405424;MB366
41405505;2775
41405506;1235040246
41405507;N006799008005
41405508;939008185
41405509;07364
41405510;06837
41405511;05015
41405512;1438
41405513;60743
41405514;QOMM47036
41405515;QOMO2919
41405516;QOMM3064
41405517;0666
41405518;6969957010
41405519;6969907201
41405546;58842
41405596;84052
41405597;1618
41405598;15079
41405599;303404
41405638;054900
41405639;59776
41500009;000625406204
41500038;A0022506515ZGS001
41500041;0039811405
41500319;33019
41500326;33114
41500334;33208
41500339;3451000051
41500358;45809
41500668;982Q
41500837;9062001770
41500852;3452547020
41501087;0179811305
41501119;A0039813005
41501162;0159819005
41501169;546485
41501175;0089815425
41501176;0129819605
41501178;0129819405
41501348;552/559
41501349;598/593
41501447;R2002T
41501448;R3074
41501449;A0039815605
41501450;A0039818305
41501465;521618
41501466;509333A
41501468;59931
41501469;32214
41600121;0039975492
41600133;0039972992
41600149;
41600526;
41600552;90010833
41600593;352301603
41600866;A9069933996
41700720;3440167021
41700738;133
41700784;3023510180
41700795;3460160221
41700802;3833250080
41700860;839
41701057;3454200341
41701110;0019882510
41701127;3445867207
41701146;983455860007
41701175;0009973446
41701181;00169977747
41701182;002100
41701185;0069978647
41701186;0069978847
41701188;0079978146
41701198;0169976647
41701199;0169976747
41701200;0179972547
41701201;0179972647
41701202;0179972747
41701203;0179977947
41701308;3459978646
41701715;
41701916;3145860201
41702211;A0119973746
41702629;A0219975947
41702636;80281
41702650;DP035G210/240
41702662;4500102
41703261;QA1673J
41703331;0159974647
41703357;0634349645
41703358;9061880280
41703359;1546221
41703381;48952CR
41703382;3603560115
41703410;5411420308
41703427;A0069979346
41703547;N0007603016102
41703548;6739970145
41703550;AJH03003
41703628;008550
41703629;055149
41703651;145453
41705003;48461AC
41705004;48848GV
41705005;3245T
41705006;0139977346
41705007;0219978947
41705021;48456SI
41705036;KJ4339-R-1
41705133;2062N
41705134;2064N
41705136;48648
41705137;47229
41800202;9794770015
41800209;A0000924708
41800210;A0008302983
41800403;A9408350047
41800426;A9584770015
41800484;A5410920805
41800485;A0001420289
41800486;A0004295795
41800488;A0001802909
41800498;A9061800109
41800540;A9585280906
41800541;A3760948304
41800542;A6345280306
41800543;A6345280206
41800544;A9585280806
41800545;A0000901551
41800557;000093751
41800558;9008350600
41800565;A3740940104
41800586;0986BF0201
41800661;0986450727
41800730;0986BO3010
41800732;0986BF0223
41800751;A0004779915
41803598;0986B03003
50100132;90010833
51000169;13580518
51500084;A9068205700
51500085;A0008356107
53200006;3529910732
53200007;452
53200018;3520780080
53200019;3523230476
53200028;3454609605
53200035;3329870139
53200036;3447207131
53200038;0065250806
53200046;
53200068;3317667225
53200070;3529970540
53200071;03040105
53200072;03040205
53200076;
53200077;3448247228
53200079;3454630701
53200080;3853380806
53200082;6884554
53200083;80332100
53200086;
53200087;
53200096;10456459
53200099;3124621150BK345K
53200102;3523220050
53200103;3701
53200104;37013771
53200105;3843207050
53200113;3448807359
53200119;6823007030
53200120;6937507084
53200128;3173531352
53200129;3846287297
53200142;3460700435
53200143;3460701033
53200146;4O9060701433
53200151;3452511401
53200156;3864107102
53200158;
53200160;060002/B
53200166;3454209338
53200167;
53200168;3522540040
53200169;1028
53200173;IM12051
53200176;006888005006
53200184;
53200185;
53200186;457
53200187;458
53200189;
53200190;
53200195;
53200198;3314100031
53200199;3444607057
53200202;38535600101
53200203;0124207518
53200204;
53200205;3446660028
53200208;238
53200209;6737250241
53200211;72
53200214;19024392
53200215;383262005
53200216;3832650205
53200225;
53200228;9122080586
53200229;9122080599
53200232;3446660132
53200236;6888209661
53200237;6888209761
53200238;9408200421
53200239;
53200240;
53200242;3447200035
53200244;386
53200245;6947207035
53200249;3432600017
53200250;3524110011
53200253;3853531045
53200260;6932950235
53200268;3022650702
53200277;0002670496
53200278;3442677096
53200284;1010985
53200290;0015457409
53200291;3445457114
53200293;3RH0360
53200295;
53200296;3523200063
53200306;9408200221
53200309;
53200310;
53200312;6889038
53200314;3454219610
53200315;6954230610
53200319;854
53200321;6947607161
53200324;6887607059
53200325;6933100073
53200334;3522540040
53200339;3317250060
53200343;3455420008
53200347;55
53200348;6887207546
53200349;6887207646
53200351;
53200362;3129934201
53200364;3449937010
53200366;3529931310
53200368;3829937001
53200369;3889937110
53200387;6933207002
53200388;6968247001
53200392;3448207345
53200393;6888207145
53200400;6824200119
53200401;225
53200403;3172610174
53200405;3522910474
53200409;3452910074
53200414;87494400
53200419;10483823
53200421;155
53200422;425
53200424;3354620096
53200426;3449707101
53200439;900333014000
53200440;10457366
53200447;GB10674
53200449;10748
53200450;1859A
53200466;3853572501
53200468;20382508
53200469;OHM 1022C
53200470;3223010054
53200473;130311
53200479;7119
53200480;0170949002
53200481;3141550228
53200486;3522360240
53200492;6934910140
53200493;6934917641
53200500;0004660568
53200502;0005016415
53200503;151
53200506;3444700205
53200507;3445010315
53200511;6732680157
53200514;AND 850
53200517;3274300005
53200522;0002688789
53200523;A9062002070
53200524;0002688689
53200525;1800620-29AB
53200526;3443307235
53200527;3453307335
53200528;3453307435
53200529;3503307035
53200531;3509917022
53200537;3228807160
53200538;3318807060
53200545;3529900337
53200555;0004301515
53200556;0004312706
53200559;0022606257
53200561;004208375
53200563;6934200741
53200571;69342077871
53200572;345290723977E
53200574;3448307642
53200578;6887257110
53200580;3440300005
53200582;0004660720
53200586;6886807203
53200590;A9588200045
53200596;145307
53200598;A00554528137C45
53200610;3760905401
53200616;3505458214
53200618;3455457724
53200626;68876070025018
53200627;10457119
53200632;3523520074
53200633;3843207989
53200634;10456465
53200636;3447207035
53200641;3316887506
53200642;3506887006
53200645;3317667025
53200652;3228810194
53200657;3317257302
53200658;A9584710130
53200659;A0008603347
53200660;A9704310042
53200661;A0008603247
53200670;3317667325
53200676;A9583230800
53200679;A9408200821
53200685;A0003265181
53200686;A9583230085
53200687;0028205156
53200691;A0009971348
53200692;A3603230085
53200702;A6885457013
53200707;7253
53200720;A3054230701
53200721;A6584210001
53200723;9061420280
53200732;6968200056
53200733;6968200156
53200734;0008243905
53200736;6935007049
53200737;0003262481
53200738;A6933237000
53200739;A3503307435
53200743;A9413250150
53200744;A94132200200
53200745;308765024014
53200746;308765024011
53200747;A0003223285
53200753;6947607144
53200756;A9408201461
53200759;200052
53200762;A0018217660
53200763;9585955450904
53200766;9588101816
53200772;A0042038375
53200781;A0002541247
53200784;A0002541247
53200785;A3843207984
53200787;A0003250485
53200789;0019817931
53200790;0022606257
53200794;
53200795;
53200796;
53200797;9738840215
53200798;9738840315
53200800;0004307306
53200802;A9737500184
53200804;6887207155
53200806;A6954647001
53200816;A6965420003
53200828;A4030320305
53200833;A6939102201
53200835;A6932957006
53200836;A0015428718
53200842;A6953227001
53200845;A0003237985
53200846;A6888209661
53200847;A6888209761
53200848;9584310015
53200855;A3865458028
53200856;A3843237081
53200860;9421080220
53200861;9401087559
53200895;9762690034
53200897;9472601945
53200898;9472600545
53200899;3892600690
53200900;9452626923
53200902;9472603036
53200904;A0005016715
53200912;42007530
53200917;A9061800209
53200918;MBQAX95576
53200919;MBQAT95576
53200920;N000000001072
53200940;851741
53200955;33703
53200968;512213X
53200997;A3843207050
53200998;A3843237081
53201000;A6937607061
53201021;A0024697805
53201053;11131220214
53201054;9584310115
53201055;3443227230
53201057;9585000203
53201063;10479650
53201073;A9061502933
53201085;0001401578
53201092;R782
53201093;R781
53201094;838/16
53201096;838/176
53201097;3453207191
53201101;TU302584
53201111;0001530022
53201120;094015
53201121;IM11108
53201122;8200297
53201131;13903000400F
53201133;
53201135;
53201150;A9412418713
53201154;
53201155;
53201156;A9405010003
53201158;9405001803
53201159;512062X
53201163;DS345008
53201174;9452620534
53201176;3892620737
53201177;9452622823
53201178;9452622723
53201180;3892620637
53201181;9452620434
53201183;3892628201
53201184;9452630213
53201185;94526288104
53201186;9452630710
53201188;0433175416
53201199;3074211974
53201205;005457483
53201207;A0041534228
53201208;A9705450124
53201209;0022505115
53201210;9582400718
53201216;9795420318
53201221;0071510201
53201223;
53201225;
53201248;9430084245
53201255;
53201265;
53201268;9472602845
53201270;9472604561
53201277;9452627517
53201278;9588201161
53201279;9588201061
53201280;9408200321
53201283;I76627
53201284;R3372
53201286;7738
53201287;0029808164
53201288;838/447
53201289;3148IABV
53201291;3226100106
53201292;3226100006
53201293;3316147125
53201294;3316147025
53201295;3226710820
53201296;3446717031
53201297;3227250139
53201298;3227250039
53201299;3447270098
53201300;3447270198
53201301;3447257179
53201302;3447257079
53201303;3228800160
53201304;3126780420
53201305;R3317
53201306;0005501633
53201310;9452623112
53201311;9452620909
53201312;3892611920
53201316;A6948300537
53201318;A6935401408
53201323;9462603661
53201324;RP20541
53201325;9414900165
53201326;9737600004
53201327;97376000104
53201328;9408260113
53201329;0091534728
53201330;0091538128
53201331;E2001
53201332;9408260013
53201333;9797200346
53201334;42037002
53201336;A97942303120097
53201337;A00342072200097
53201338;6954307181
53201339;N007603024105
53201340;3892625434
53201341;G210/240
53201342;1290395188
53201343;1290395195
53201344;0003502705
53201345;3853250112
53201346;
53201347;DS676069
53201348;07501155531
53201349;1316304103
53201350;94526217173
53201351;9302622105
53201352;10512476
53201353;9585010101
53201355;6948100037
53201357;32505915
53201358;11000
53201359;15465835
53201360;3973300019
53201361;6234200738
53201362;A0219977748
53201363;A9585450904
53201364;3197873
53201368;13905110000F
53201369;340214004F
53201370;145304003F
53201373;2431
53201374;004103431
53201375;3603230663
53201376;145304002
53201377;83007780
53201378;70910560
53201379;83007830
53201380;83007860
53201381;4571422801
53201382;4213500720
53201383;9587200746
53201385;
53201386;0155422417
53201387;N000000001069
53201388;
53201391;
53201393;3446660128
53201394;3316800106
53201395;3316800091
53201396;3316800082
53201397;953
53201398;A9413120535
53201408;3463530090
53201410;
53201411;
53201414;A0004103631
53201415;
53201419;6954200044
53201421;9406661031
53201422;3316787010
53201423;A0018308458
53201424;A9798247049
53201425;A0009884225
53201426;A4570980080
53201427;9438172614
53201428;9585202333
53201429;9438172514
53201430;960290
53201432;9406913820
53201433;9413104690
53201434;A4570101655
53201435;A9405000072
53201436;QOMM56460
53201437;15452409
53201438;9414900919
53201439;9797400157
53201440;A9588810223
53201443;A3183200056
53201444;A9583200044
53201445;A9743280181
53201446;06863
53201447;58382
53201448;58841
53201450;
53201451;
53201452;A00026032984
53201454;59194
53201457;3539
53201458;942301
53201459;942302
53201460;942303
53201461;4234
53201462;3522
53201463;2142
53201464;27942
53201499;005663
53201501;023496
53201502;024363
53201503;041767
53201504;050887
53201505;59784
53201506;59871
53201507;59928
53201508;AG345450009
53201509;A6344200038
53201510;A6234200138
53201511;A6234200038
53201512;01232
53201513;3834230836
53201514;3074210074
53201515;3834230936
53201516;383423036
53201517;83230285
53201518;364400041
53201519;9061800720
53201520;512398
53201521;45422616
53201523;A0002688889
53201524;A0002688789
53201526;A9585200653
53203359;5765
53203360;3843237040
53204210;0025450509
53204213;6244230236
53204214;6244230336
53204217;7122
53204219;333017001R
53204225;F000431702
53204227;9700514450
53204228;3153/3427
53204229;3340/44
53204230;3340/44
53204231;0085450124
53204233;3374
53204235;9452611933
53204237;9452680474
53204238;38799322101
53204239;3879932201
53204243;9462600097
53204244;3892620293
53204248;
53204252;6888207621
53204259;6888207521
53204260;0281002244
53204272;9062004570
53204274;9452626523
53204275;9452625912
53204276;9452624382
53204278;45720030707866
53204279;4572003170
53204281;A9584700090
53300355;4209008
53501218;0000925208
53501219;0004103831
53501389;215992022
53501432;0433175518
53501433;2400108
53501893;A3834231236
53501894;A3834231336
